id,target,sequence
sequence_2553376,1.1,EH
sequence_2622789,1.2,YK
sequence_2273490,1.4,IG
sequence_1303036,1.2,NR
sequence_3458631,1.6,AM
sequence_3063858,1.1,SQ
sequence_58991,1.1,MS
sequence_2476456,1.2,FICPLTGL
sequence_346111,1.3,KG
sequence_3295777,1.7,EP
sequence_1240549,1.4,EQR
sequence_3180222,1.1,QQ
sequence_3948642,1.2,KDVLLQAAE
sequence_137042,1.5,DMG
sequence_1975887,1.8,KS
sequence_1363217,1.9,LN
sequence_3773099,1.6,TEP
sequence_1386387,1.5,AAQ
sequence_1090566,1.4,SKT
sequence_91117,1.3,MA
sequence_913711,1.1,GQ
sequence_2268558,1,ES
sequence_3061486,1.2,AG
sequence_1101260,1.7,SNI
sequence_1062942,1.6,VN
sequence_3488894,1.4,MA
sequence_3076150,1.5,EEG
sequence_2785172,2.1,VGTRPSNHGTYR
sequence_3354656,2.4,DGDLVQGSYSLIEADGTRR
sequence_1965016,2.3,ELQDLALQGAKERA
sequence_306635,2.7,ALASGTEASSTDPGAPGGPGGAEGPMAK
sequence_1086747,2.9,AEQGSEEEGEGEEEEEE
sequence_3306030,2.3,ILHLLAETFHHK
sequence_2242555,2.2,LDMHTKPWVR
sequence_2250031,2.1,TATVAFDNVHFEYIEGQK
sequence_1957930,2,LQEESVVQCEELK
sequence_3875706,2.8,FGEVLELQR
sequence_3106875,2.9,FYGKPYQIESGFYGYALAGSGSGQPGQSPANVGDDPNR
sequence_736011,2.5,ESGLAGQTPVEQALADAIVDTIDDFMMLFPWAEKNQDVKEK
sequence_3710673,2.5,LAQPLHACLVQNSGEAAPQDYEAVTR
sequence_1107066,2.4,TPAPVPTSL
sequence_1530862,2.8,RVLDELTLSKTDLEMQIESLNEELAYMKK
sequence_1607844,2.1,GGFVFALEK
sequence_2483663,2.2,SVEQDNDLELADAYYLGGVPPDQLPPSLR
sequence_3293944,2.3,DQHPYLRSVCEMAEK
sequence_1947314,2.6,SMSGHPEAAQMVRR
sequence_3133134,2.3,LYSGNQGSPSAALLELLDPEQNSTFHDHYLNIPFDVSK
sequence_3589918,2.8,FLSLTNEKFKNIALEPK
sequence_3205777,2.1,DIDPEETVKALKEKIESEKGK
sequence_953408,2.2,QRGIFLWEIPR
sequence_2163262,3.1,DDLFNTNATIVATLT
sequence_2059368,3.8,VAHQLQAL
sequence_3262963,3.5,GIPFPAFGIPKETLQNVCNKFVVKEE
sequence_1851630,3.3,ALMLQGVDLLADAV
sequence_2050084,3.6,NTIMEQYTR
sequence_189367,3.9,AAKMGPSFTSEIQAALQKFVSVVVSALGRQYH
sequence_1212739,3.2,SKCKEYSDDKVQL
sequence_3039801,3,FDFTTTSTSTPVTSNTVTGETTPFSPLVATSESVTEITASSF
sequence_2990157,3.9,KSSTLEVKDVQLHLER
sequence_500129,3.6,DLEQAISQR
sequence_2797208,3.7,AHCGATALHFAAEAGHIDIVK
sequence_1279054,3.5,AIAANEADAVTLDAGLVYDAYLAPNNLKPVVA
sequence_3587394,3.3,NFNLLHLDRNSK
sequence_2905078,3.3,KRMATEVAADALGEEWKGYVV
sequence_1950570,3.2,KVLMGNIASGAEPYIKNPDSNKYAQ
sequence_3704206,3.1,TTCQSIAFPSKT
sequence_974786,3.3,LRPLVQAELSV
sequence_1806729,3.6,DIDSPPITARNTGI
sequence_1826765,3.7,SFLENQKPTSEEITMIADQL
sequence_3397957,3.8,YEVPLLLNEGDNIK