id,sequence,target
>sequence_3685082,YGAGGGGSGPAAGVVVGAAGGR,1
>sequence_3779795,ATIEMIEK,1
>sequence_2938703,KDLEDQEQLL,1
>sequence_3397957,YEVPLLLNEGDNIK,2
>sequence_131238,MFQVEMTASVREAFGKGPMRRLRQQGITPAVVYGAGKAALPLQMDAKILMTQLLEFSRVN,2
>sequence_368914,RHSDPWGR,1
>sequence_3256573,AASGDGNILALAVDAARARCTVGE,1
>sequence_2931344,RMQALEPYPANE,2
>sequence_3502959,AAISFSFNDDNETQKENNNNNNK,2
>sequence_1145132,AQTSPQGMPQHPPAPQ,1
>sequence_2927719,TAMGLLNFK,1
>sequence_1350585,LIFEQTPALTKHEWTEALGCDPPLSQDER,1
>sequence_1588261,MVDFAMDVYK,2
>sequence_2148003,SFQPPATVHPALVGSAGNPFPCGVC,1
>sequence_1887473,LEGPLAAAHSPGPCTV,1
>sequence_3491438,CYVGPNITYGIYESNVPNELFICTR,2
>sequence_2944407,DRVGLIHDVFQLVGAGRLTLDK,2
>sequence_1113333,KFEIWDTAGQER,1
>sequence_2074330,ITCPQDFPHCSIPLR,2
>sequence_2974931,GWEVVESDLYAMNFNPIISRKDITGK,1
>sequence_3032689,YHYPCAIDADCLLHEENFSVR,1
>sequence_3163815,ILDDPSEPQPGEAK,1
>sequence_1164111,ANKYQISVNKYRGTAGNALMDGASQLMGE,1
>sequence_1716076,AQQMVEILSDENR,2
>sequence_1974688,IQELSATVTTDC,2
